,explained_variation,max_error,mean_absolute_error,mean_squared_error,mean_squared_log_error,median_absolute_error,r2
1,0.706735001592725,15.321309681962703,5.32138023658641,44.78814745625719,0.009589264084385303,4.990128583411703,0.706735001592725
