,accuracy_score,auc,average_precision_score,balanced_accuracy,brier_score,cohen_kappa_score,f1_score,hamming_loss,hinge_loss,jaccard_score,log_loss,matthews_corrcoef,precision,recall,zero_one_loss
1,0.838,0.8395408938887199,0.7813020508395832,0.837904658270791,0.16388947565578774,0.6759066611184021,0.835030549898167,0.162,0.668,0.838,0.5285336531342744,0.6759553597038589,0.8401639344262295,0.8299595141700404,0.16200000000000003
